{
    "train_samples": 1100,
    "test_samples": 276,
    "features_count": 22,
    "target_classes": 7,
    "target_min": 0,
    "target_max": 6,
    "target_mean": 3.0942028985507246,
    "target_std": 1.8233099427244879,
    "scaler_type": "StandardScaler",
    "timestamp": "2026-05-17T12:09:16.204995"
}