{
    "hyperparameters": {
        "model": "Decision Tree",
        "svm": null,
        "decision_tree": {
            "max_depth": 10,
            "random_state": 42
        }
    },
    "train_samples": 1100,
    "test_samples": 276,
    "features_count": 22,
    "target_classes": 7,
    "target_min": 0,
    "target_max": 6,
    "target_mean": 3.0942028985507246,
    "target_std": 1.8233099427244879,
    "scaler_type": "StandardScaler",
    "test_performance": {
        "accuracy": 0.9782608695652174,
        "f1_score": 0.9782581652896495,
        "precision": 0.9783432147562582,
        "recall": 0.9782608695652174
    },
    "data_info": {
        "train_samples": 1100,
        "test_samples": 276,
        "features_count": 22,
        "classes_count": 7,
        "target_min": 0,
        "target_max": 6,
        "target_mean": 3.0942028985507246,
        "target_std": 1.8233099427244879
    },
    "timestamp": "2026-05-17T12:33:11.653410"
}